PonaCare,33
Ambercare24,26
pracownik6,17
Ambercare24 sp. z o.o. sp. komandytowa,16
Efekt,14
agatakaczmarek,12
medikraft,9
Pflegeteam,9
Pflegehelden,9
Opieka Portus,8
Personel Group,8
Total Job sp. z o.o.,8
active,8
Active Care Sp. z o.o.,7
ProSenior Sp. z.o.o.,7
Avanti Medic,7
Opieka dla Seniora,6
Danzige Pflege,6
Pronobel,6
Medipe,6
pracaSoftCare24,6
Active Intercare,5
Personalservices24,5
Haus-Care.com,5
Opieka2016,5
Senihelp24,4
personalservices24,4
Biuro Usług Finansowych Adjo,4
ATERIMA MED,4
pronobel,4
GoWork.pl,4
Adjo,4
Beta Active Elisabeth Sobiech,4
Promedica Care,4
Bonumo.pl,4
seniodi24,3
omegacdk,3
Proseca,3
Notka24.Pl,3
Westacare,3
ABC Work Sp. z o.o. Sp. k.,3
Recrute,3
Caring Personnel,3
Support and Care sp.z o.o.,3
sylwiawiec,3
Eurocare,3
HR Investment,3
darussia0711,3
Planeta pracy,3
Agencja Zatrudnienia IDEA,3
Medira Sp. z o.o.,2
Pflegehilfe Schweiz AG,2
Total Job Sp. z o.o. Sp. komandytowa,2
Dremo Personaldienstleistung GmbH,2
EuropaJob,2
Europa Pflege,2
Echte Hilfe 24,2
HRInvestment,2
ProSenior24pl,2
opiekunka seniora 24,2
OPPM OFFICE Professional Personalmanagement GmbH DWUP Filia ...,2
Veritas,2
Personel dla Europy,2
PRO-Senior,2
ABC Work,2
aterima.med,2
APNDeiNL,2
Planeta Pracy s.c.,2
Riele Personaldienstleistung und Büroservice GmbH,1
Prestige24h Sp. z o.o. Sp. k.,1
Work On Personal Ltd,1
Prosenioropole,1
SILVERHAND,1
Agencja Pracy SCG,1
BADER KARA® Praca Tymczasowa Sp. z o.o.,1
Adsum24,1
PRO-SENIOR Sp.zo.o,1
Von Caprivi GmbH Fachpersonal,1
PrivateCare,1
Gute Wesen,1
My Care 24,1
Work On Personal LTD,1
GoWorkMRKTG,1
Arkadia Care,1
Safer Life,1
Goldenhand,1
Socco Stuttgart GmbH,1
smartjobs personaldienstleistungen GmbH,1
primajob,1
LIMNUSWORK Sp. z o.o. Sp. k.,1
Hotels Personal,1
DE Pronobel sp. z o.o.,1
Daily Help Sp. z o. o.,1
Interkadra Sp. z o. o. GUP w Gdańsku,1
kl22,1
INTERKADRA SPÓŁKA Z OGRANICZONĄ ODPOWIEDZIALNOŚCIĄ ,1
Euro Service Agnieszka Wyszomirska,1
Silverhand,1
GastamoJobService,1
Pflegedienst 1A PflegeMAX 24h GmbH,1
Ingrid und Johannes Raquet GbR,1
Allpersona GmbH,1
gohagl,1
Arche ProCare,1
Professional Care 24,1
Ulife Artur Konopiński,1
PlanetaPracy,1
Professional Care sp. z o.o.,1
